{
    "loss": [
        0.6303995251655579,
        0.6090481281280518,
        0.5646365284919739,
        0.5397844910621643,
        0.5791884064674377,
        0.5303362607955933,
        0.5524884462356567,
        0.5287483930587769,
        0.5143619775772095,
        0.47625842690467834,
        0.5129401683807373,
        0.4854849576950073,
        0.48707473278045654,
        0.4915493130683899,
        0.4593406319618225,
        0.48133382201194763,
        0.4823474586009979,
        0.47111231088638306,
        0.4783966839313507,
        0.47166427969932556,
        0.44129782915115356,
        0.4756370186805725,
        0.4674087464809418,
        0.43953222036361694,
        0.4518292248249054,
        0.44691482186317444,
        0.4646981954574585,
        0.45133915543556213,
        0.4613330662250519,
        0.43509641289711,
        0.44566670060157776,
        0.44086748361587524,
        0.4116373062133789,
        0.4445023536682129,
        0.46581509709358215,
        0.42604464292526245,
        0.40977683663368225,
        0.4394351840019226,
        0.4140961766242981,
        0.39203667640686035,
        0.4138118326663971,
        0.41911184787750244,
        0.3859105706214905,
        0.41834262013435364,
        0.41149017214775085,
        0.40408939123153687,
        0.4038299024105072,
        0.42050591111183167,
        0.39936232566833496,
        0.39562785625457764,
        0.38598474860191345,
        0.4064039885997772,
        0.4101509153842926,
        0.4005441665649414,
        0.4033692181110382
    ],
    "val_loss": [
        0.6604592204093933,
        0.6176904439926147,
        0.5845690369606018,
        0.559243381023407,
        0.5419646501541138,
        0.5271762609481812,
        0.5165217518806458,
        0.5027217268943787,
        0.4909178912639618,
        0.4845023453235626,
        0.4769926965236664,
        0.4670276641845703,
        0.4588048756122589,
        0.45258593559265137,
        0.4501267075538635,
        0.44380059838294983,
        0.44093218445777893,
        0.4356302320957184,
        0.42987221479415894,
        0.4302540123462677,
        0.42730069160461426,
        0.4224138557910919,
        0.41790786385536194,
        0.418204665184021,
        0.4226527214050293,
        0.4254421889781952,
        0.42462339997291565,
        0.4176538288593292,
        0.41606783866882324,
        0.4179932475090027,
        0.4149746000766754,
        0.4137354791164398,
        0.4120303690433502,
        0.41378575563430786,
        0.4105813205242157,
        0.4124391973018646,
        0.4145168662071228,
        0.41624340415000916,
        0.411213219165802,
        0.4089677929878235,
        0.41208502650260925,
        0.4177178740501404,
        0.42318326234817505,
        0.42337334156036377,
        0.42886167764663696,
        0.43350350856781006,
        0.43435370922088623,
        0.4354754090309143,
        0.4337645471096039,
        0.4288533926010132,
        0.42950403690338135,
        0.42930567264556885,
        0.42854323983192444,
        0.4278322756290436,
        0.4270797669887543
    ],
    "accuracy": [
        0.6575342416763306,
        0.6621004343032837,
        0.7100456357002258,
        0.732876718044281,
        0.7054794430732727,
        0.7374429106712341,
        0.7351598143577576,
        0.7579908967018127,
        0.7305936217308044,
        0.7694063782691956,
        0.7442922592163086,
        0.7579908967018127,
        0.7602739930152893,
        0.7374429106712341,
        0.7465753555297852,
        0.7648401856422424,
        0.7374429106712341,
        0.7579908967018127,
        0.7785388231277466,
        0.7625570893287659,
        0.7716894745826721,
        0.7374429106712341,
        0.7648401856422424,
        0.7922374606132507,
        0.7694063782691956,
        0.7808219194412231,
        0.7420091032981873,
        0.7534246444702148,
        0.7922374606132507,
        0.77625572681427,
        0.7739726305007935,
        0.7488584518432617,
        0.8036529421806335,
        0.7625570893287659,
        0.7602739930152893,
        0.801369845867157,
        0.7990867495536804,
        0.77625572681427,
        0.8036529421806335,
        0.8082191944122314,
        0.7876712083816528,
        0.7853881120681763,
        0.8150684833526611,
        0.7945205569267273,
        0.7853881120681763,
        0.7968036532402039,
        0.8082191944122314,
        0.7853881120681763,
        0.7853881120681763,
        0.810502290725708,
        0.8150684833526611,
        0.8127853870391846,
        0.7968036532402039,
        0.8036529421806335,
        0.7990867495536804
    ],
    "val_accuracy": [
        0.7636363506317139,
        0.7545454502105713,
        0.7363636493682861,
        0.7363636493682861,
        0.7363636493682861,
        0.7363636493682861,
        0.7363636493682861,
        0.7363636493682861,
        0.7363636493682861,
        0.7363636493682861,
        0.7454545497894287,
        0.7454545497894287,
        0.7363636493682861,
        0.7363636493682861,
        0.7363636493682861,
        0.7636363506317139,
        0.7454545497894287,
        0.7545454502105713,
        0.7636363506317139,
        0.7636363506317139,
        0.7727272510528564,
        0.7727272510528564,
        0.7727272510528564,
        0.7727272510528564,
        0.7727272510528564,
        0.7818182110786438,
        0.800000011920929,
        0.7909091114997864,
        0.7909091114997864,
        0.800000011920929,
        0.7818182110786438,
        0.7818182110786438,
        0.7818182110786438,
        0.7818182110786438,
        0.7909091114997864,
        0.7818182110786438,
        0.7727272510528564,
        0.7636363506317139,
        0.7636363506317139,
        0.7636363506317139,
        0.7727272510528564,
        0.7636363506317139,
        0.7454545497894287,
        0.7636363506317139,
        0.7545454502105713,
        0.7545454502105713,
        0.7545454502105713,
        0.7545454502105713,
        0.7727272510528564,
        0.7636363506317139,
        0.7636363506317139,
        0.7818182110786438,
        0.7727272510528564,
        0.7545454502105713,
        0.7545454502105713
    ]
}