{
    "test_accuracy": 0.7454545454545455,
    "test_precision": 0.7676767676767676,
    "test_recall": 0.9382716049382716,
    "test_f1": 0.8444444444444444
}